[
  {
    "id": "zW4A32pDtZk",
    "title": "Gadaparai Dimsa",
    "url": "https://www.youtube.com/watch?v=zW4A32pDtZk",
    "type": "Song",
    "thumb": "https://img.youtube.com/vi/zW4A32pDtZk/hqdefault.jpg",
    "createdAt": 1
  },
  {
    "id": "7PzaHv0ql8Q",
    "title": "Christmas Musical",
    "url": "https://www.youtube.com/watch?v=7PzaHv0ql8Q",
    "type": "Song",
    "thumb": "https://img.youtube.com/vi/7PzaHv0ql8Q/hqdefault.jpg",
    "createdAt": 2
  },
  {
    "id": "6jRwn-HkmSU",
    "title": "The Mind Forest",
    "url": "https://www.youtube.com/watch?v=6jRwn-HkmSU",
    "type": "Movie",
    "thumb": "https://img.youtube.com/vi/6jRwn-HkmSU/hqdefault.jpg",
    "createdAt": 3
  },
  {
    "id": "rRIbYO3PrBQ",
    "title": "New Song 1",
    "url": "https://www.youtube.com/watch?v=rRIbYO3PrBQ",
    "type": "Song",
    "thumb": "https://img.youtube.com/vi/rRIbYO3PrBQ/hqdefault.jpg",
    "createdAt": 4
  },
  {
    "id": "E6coqGxp7fc",
    "title": "New Song 2",
    "url": "https://www.youtube.com/watch?v=E6coqGxp7fc",
    "type": "Song",
    "thumb": "https://img.youtube.com/vi/E6coqGxp7fc/hqdefault.jpg",
    "createdAt": 5
  },
  {
    "id": "m158PjU_XS8",
    "title": "Light of godness",
    "url": "https://youtu.be/m158PjU_XS8",
    "type": "Song",
    "thumb": "",
    "createdAt": 1765374187844
  }
]